"filename", "language", "XML", "JSON", "Markdown", "C#", "ShaderLab", "comment", "blank", "total"
"u:\projects\game\Unity\Shizuku\.idea\.idea.Shiziku\.idea\workspace.xml", "XML", 193, 0, 0, 0, 0, 0, 0, 193
"u:\projects\game\Unity\Shizuku\.idea\.idea.Shizuku\.idea\copilot.data.migration.agent.xml", "XML", 6, 0, 0, 0, 0, 0, 0, 6
"u:\projects\game\Unity\Shizuku\.idea\.idea.Shizuku\.idea\copilot.data.migration.ask.xml", "XML", 6, 0, 0, 0, 0, 0, 0, 6
"u:\projects\game\Unity\Shizuku\.idea\.idea.Shizuku\.idea\copilot.data.migration.ask2agent.xml", "XML", 6, 0, 0, 0, 0, 0, 0, 6
"u:\projects\game\Unity\Shizuku\.idea\.idea.Shizuku\.idea\copilot.data.migration.edit.xml", "XML", 6, 0, 0, 0, 0, 0, 0, 6
"u:\projects\game\Unity\Shizuku\.idea\.idea.Shizuku\.idea\indexLayout.xml", "XML", 8, 0, 0, 0, 0, 0, 0, 8
"u:\projects\game\Unity\Shizuku\.idea\.idea.Shizuku\.idea\projectSettingsUpdater.xml", "XML", 8, 0, 0, 0, 0, 0, 0, 8
"u:\projects\game\Unity\Shizuku\.idea\.idea.Shizuku\.idea\statistic.xml", "XML", 14, 0, 0, 0, 0, 0, 0, 14
"u:\projects\game\Unity\Shizuku\.idea\.idea.Shizuku\.idea\vcs.xml", "XML", 6, 0, 0, 0, 0, 0, 0, 6
"u:\projects\game\Unity\Shizuku\.idea\.idea.Shizuku\.idea\workspace.xml", "XML", 294, 0, 0, 0, 0, 0, 0, 294
"u:\projects\game\Unity\Shizuku\.idea\copilot.data.migration.agent.xml", "XML", 6, 0, 0, 0, 0, 0, 0, 6
"u:\projects\game\Unity\Shizuku\.idea\copilot.data.migration.ask.xml", "XML", 6, 0, 0, 0, 0, 0, 0, 6
"u:\projects\game\Unity\Shizuku\.idea\copilot.data.migration.ask2agent.xml", "XML", 6, 0, 0, 0, 0, 0, 0, 6
"u:\projects\game\Unity\Shizuku\.idea\copilot.data.migration.edit.xml", "XML", 6, 0, 0, 0, 0, 0, 0, 6
"u:\projects\game\Unity\Shizuku\.idea\indexLayout.xml", "XML", 8, 0, 0, 0, 0, 0, 0, 8
"u:\projects\game\Unity\Shizuku\.idea\vcs.xml", "XML", 6, 0, 0, 0, 0, 0, 0, 6
"u:\projects\game\Unity\Shizuku\Assets\Editor\ControlFlowPort.cs", "C#", 0, 0, 0, 87, 0, 28, 19, 134
"u:\projects\game\Unity\Shizuku\Assets\Editor\ControlFlowPortContainer.cs", "C#", 0, 0, 0, 47, 0, 13, 11, 71
"u:\projects\game\Unity\Shizuku\Assets\Editor\CustomGroup.cs", "C#", 0, 0, 0, 37, 0, 12, 14, 63
"u:\projects\game\Unity\Shizuku\Assets\Editor\ShizukuGraphView.cs", "C#", 0, 0, 0, 309, 0, 39, 63, 411
"u:\projects\game\Unity\Shizuku\Assets\Editor\ShizukuGraphViewExtensions.cs", "C#", 0, 0, 0, 41, 0, 9, 8, 58
"u:\projects\game\Unity\Shizuku\Assets\Editor\ShizukuGraphWindow.cs", "C#", 0, 0, 0, 48, 0, 1, 9, 58
"u:\projects\game\Unity\Shizuku\Assets\Editor\ShizukuNodeView.cs", "C#", 0, 0, 0, 197, 0, 15, 33, 245
"u:\projects\game\Unity\Shizuku\Assets\Plugins\Sirenix\Assemblies\Sirenix.OdinInspector.Attributes.xml", "XML", 6178, 0, 0, 0, 0, 2, 262, 6442
"u:\projects\game\Unity\Shizuku\Assets\Plugins\Sirenix\Assemblies\Sirenix.OdinInspector.Editor.xml", "XML", 11200, 0, 0, 0, 0, 0, 113, 11313
"u:\projects\game\Unity\Shizuku\Assets\Plugins\Sirenix\Assemblies\Sirenix.Serialization.Config.xml", "XML", 202, 0, 0, 0, 0, 0, 1, 203
"u:\projects\game\Unity\Shizuku\Assets\Plugins\Sirenix\Assemblies\Sirenix.Serialization.xml", "XML", 9858, 0, 0, 0, 0, 0, 7, 9865
"u:\projects\game\Unity\Shizuku\Assets\Plugins\Sirenix\Assemblies\Sirenix.Utilities.Editor.xml", "XML", 9771, 0, 0, 0, 0, 2, 18, 9791
"u:\projects\game\Unity\Shizuku\Assets\Plugins\Sirenix\Assemblies\Sirenix.Utilities.xml", "XML", 3710, 0, 0, 0, 0, 0, 4, 3714
"u:\projects\game\Unity\Shizuku\Assets\Plugins\Sirenix\Assemblies\link.xml", "XML", 6, 0, 0, 0, 0, 0, 0, 6
"u:\projects\game\Unity\Shizuku\Assets\Plugins\Sirenix\Odin Inspector\Assets\Editor\Hidden\ExtractSpriteShader.shader", "ShaderLab", 0, 0, 0, 0, 44, 1, 6, 51
"u:\projects\game\Unity\Shizuku\Assets\Plugins\Sirenix\Odin Inspector\Assets\Editor\Hidden\GUIUtilShader.shader", "ShaderLab", 0, 0, 0, 0, 80, 3, 15, 98
"u:\projects\game\Unity\Shizuku\Assets\Plugins\Sirenix\Odin Inspector\Assets\Editor\Hidden\LazyEditorIconShader.shader", "ShaderLab", 0, 0, 0, 0, 41, 7, 9, 57
"u:\projects\game\Unity\Shizuku\Assets\Plugins\Sirenix\Odin Inspector\Assets\Editor\Hidden\SdfIconShader.shader", "ShaderLab", 0, 0, 0, 0, 81, 0, 14, 95
"u:\projects\game\Unity\Shizuku\Assets\Plugins\Sirenix\Odin Inspector\Modules\Unity.Mathematics\MathematicsDrawers.cs", "C#", 0, 0, 0, 744, 0, 29, 110, 883
"u:\projects\game\Unity\Shizuku\Assets\Scripts\GraphRunner.cs", "C#", 0, 0, 0, 13, 0, 2, 3, 18
"u:\projects\game\Unity\Shizuku\Assets\Scripts\Graph\Blueprint\BlueprintBehavior.cs", "C#", 0, 0, 0, 92, 0, 44, 20, 156
"u:\projects\game\Unity\Shizuku\Assets\Scripts\Graph\Blueprint\BlueprintExtensions.cs", "C#", 0, 0, 0, 32, 0, 13, 5, 50
"u:\projects\game\Unity\Shizuku\Assets\Scripts\Graph\Blueprint\BlueprintOverridableAttribute.cs", "C#", 0, 0, 0, 10, 0, 13, 3, 26
"u:\projects\game\Unity\Shizuku\Assets\Scripts\Graph\Blueprint\EXAMPLE_EnemyBlueprint.cs", "C#", 0, 0, 0, 52, 0, 7, 13, 72
"u:\projects\game\Unity\Shizuku\Assets\Scripts\Graph\Blueprint\ShizukuBluePrint.cs", "C#", 0, 0, 0, 131, 0, 49, 32, 212
"u:\projects\game\Unity\Shizuku\Assets\Scripts\Graph\GroupData.cs", "C#", 0, 0, 0, 25, 0, 3, 7, 35
"u:\projects\game\Unity\Shizuku\Assets\Scripts\Graph\ParameterEdge.cs", "C#", 0, 0, 0, 57, 0, 2, 9, 68
"u:\projects\game\Unity\Shizuku\Assets\Scripts\Graph\ShizukuGraphBase.cs", "C#", 0, 0, 0, 70, 0, 0, 15, 85
"u:\projects\game\Unity\Shizuku\Assets\Scripts\Node\BlueprintNodes\BlueprintEventNode.cs", "C#", 0, 0, 0, 59, 0, 0, 15, 74
"u:\projects\game\Unity\Shizuku\Assets\Scripts\Node\BlueprintNodes\PropertyNodes.cs", "C#", 0, 0, 0, 173, 0, 43, 47, 263
"u:\projects\game\Unity\Shizuku\Assets\Scripts\Node\BlueprintNodes\README_PropertyNodes.md", "Markdown", 0, 0, 176, 0, 0, 0, 68, 244
"u:\projects\game\Unity\Shizuku\Assets\Scripts\Node\DerivedNodes\ShizikuAddOneNode.cs", "C#", 0, 0, 0, 21, 0, 0, 6, 27
"u:\projects\game\Unity\Shizuku\Assets\Scripts\Node\DerivedNodes\ShizukuForNode.cs", "C#", 0, 0, 0, 11, 0, 0, 1, 12
"u:\projects\game\Unity\Shizuku\Assets\Scripts\Node\DerivedNodes\ShizukuIfNode.cs", "C#", 0, 0, 0, 20, 0, 0, 6, 26
"u:\projects\game\Unity\Shizuku\Assets\Scripts\Node\DerivedNodes\ShizukuLogNode.cs", "C#", 0, 0, 0, 18, 0, 0, 5, 23
"u:\projects\game\Unity\Shizuku\Assets\Scripts\Node\DerivedNodes\ShizukuRootNode.cs", "C#", 0, 0, 0, 46, 0, 1, 6, 53
"u:\projects\game\Unity\Shizuku\Assets\Scripts\Node\ParameterEdgePort.cs", "C#", 0, 0, 0, 68, 0, 3, 19, 90
"u:\projects\game\Unity\Shizuku\Assets\Scripts\Node\ShizukuNodeBase.cs", "C#", 0, 0, 0, 40, 0, 0, 10, 50
"u:\projects\game\Unity\Shizuku\Assets\Scripts\Node\ShizukuRunnableNode.cs", "C#", 0, 0, 0, 68, 0, 0, 13, 81
"u:\projects\game\Unity\Shizuku\Assets\Scripts\Node\ShizukuValueNode.cs", "C#", 0, 0, 0, 15, 0, 0, 2, 17
"u:\projects\game\Unity\Shizuku\Assets\TutorialInfo\Scripts\Editor\ReadmeEditor.cs", "C#", 0, 0, 0, 195, 0, 1, 47, 243
"u:\projects\game\Unity\Shizuku\Assets\TutorialInfo\Scripts\Readme.cs", "C#", 0, 0, 0, 14, 0, 0, 3, 17
"u:\projects\game\Unity\Shizuku\CHANGELOG.md", "Markdown", 0, 0, 55, 0, 0, 0, 25, 80
"u:\projects\game\Unity\Shizuku\Docs\ARCHITECTURE.md", "Markdown", 0, 0, 581, 0, 0, 0, 155, 736
"u:\projects\game\Unity\Shizuku\Docs\CONTRIBUTING.md", "Markdown", 0, 0, 328, 0, 0, 0, 105, 433
"u:\projects\game\Unity\Shizuku\Docs\NODE_DEVELOPMENT.md", "Markdown", 0, 0, 252, 0, 0, 0, 67, 319
"u:\projects\game\Unity\Shizuku\Docs\PROJECT_STRUCTURE.md", "Markdown", 0, 0, 308, 0, 0, 0, 73, 381
"u:\projects\game\Unity\Shizuku\Docs\QUICK_REFERENCE.md", "Markdown", 0, 0, 233, 0, 0, 0, 68, 301
"u:\projects\game\Unity\Shizuku\Docs\ROADMAP.md", "Markdown", 0, 0, 281, 0, 0, 0, 91, 372
"u:\projects\game\Unity\Shizuku\Packages\manifest.json", "JSON", 0, 48, 0, 0, 0, 0, 1, 49
"u:\projects\game\Unity\Shizuku\Packages\packages-lock.json", "JSON", 0, 474, 0, 0, 0, 0, 1, 475
"u:\projects\game\Unity\Shizuku\ProjectSettings\SceneTemplateSettings.json", "JSON", 0, 121, 0, 0, 0, 0, 0, 121
"u:\projects\game\Unity\Shizuku\README.md", "Markdown", 0, 0, 702, 0, 0, 0, 212, 914
"Total", "-", 41510, 643, 2916, 2740, 246, 342, 1869, 50266